{
  "status": "true",
  "result": [
    {
      "user_id": "2",
      "user_name": "saravana235",
      "full_name": "Saravana",
      "status": "follow",
      "user_image": "http://joysalescript.com/beta/user/resized/150/6011_babyjpg"
    },
    {
      "user_id": "4",
      "user_name": "demo",
      "full_name": "Demo User",
      "status": "unfollow",
      "user_image": "http://joysalescript.com/beta/user/resized/150/342_2195219144"
    },
    {
      "user_id": "5",
      "user_name": "suri",
      "full_name": "Suriya raj",
      "status": "unfollow",
      "user_image": "http://joysalescript.com/beta/user/resized/150/9185_imagespng"
    },
    {
      "user_id": "4",
      "user_name": "demo",
      "full_name": "Demo User",
      "status": "unfollow",
      "user_image": "http://joysalescript.com/beta/user/resized/150/342_2195219144"
    },
    {
      "user_id": "5",
      "user_name": "suri",
      "full_name": "Suriya raj",
      "status": "unfollow",
      "user_image": "http://joysalescript.com/beta/user/resized/150/9185_imagespng"
    },
    {
      "user_id": "2",
      "user_name": "saravana235",
      "full_name": "Saravana",
      "status": "follow",
      "user_image": "http://joysalescript.com/beta/user/resized/150/6011_babyjpg"
    },
    {
      "user_id": "5",
      "user_name": "suri",
      "full_name": "Suriya raj",
      "status": "unfollow",
      "user_image": "http://joysalescript.com/beta/user/resized/150/9185_imagespng"
    },
    {
      "user_id": "4",
      "user_name": "demo",
      "full_name": "Demo User",
      "status": "unfollow",
      "user_image": "http://joysalescript.com/beta/user/resized/150/342_2195219144"
    },
    {
      "user_id": "2",
      "user_name": "saravana235",
      "full_name": "Saravana",
      "status": "follow",
      "user_image": "http://joysalescript.com/beta/user/resized/150/6011_babyjpg"
    },
    {
      "user_id": "4",
      "user_name": "demo",
      "full_name": "Demo User",
      "status": "unfollow",
      "user_image": "http://joysalescript.com/beta/user/resized/150/342_2195219144"
    },
    {
      "user_id": "5",
      "user_name": "suri",
      "full_name": "Suriya raj",
      "status": "unfollow",
      "user_image": "http://joysalescript.com/beta/user/resized/150/9185_imagespng"
    }
  ]
}